<?xml version="1.0" encoding="UTF-8"?>
<!DOCTYPE ejb-jar PUBLIC "-//Sun Microsystems, Inc.//DTD Enterprise JavaBeans 2.0//EN" "http://java.sun.com/dtd/ejb-jar_2_0.dtd">
<ejb-jar id="ejb-jar_ID">
    <display-name>CoffeeShopLegacyEJB</display-name>
    <enterprise-beans>
        <entity>
            <ejb-name>Order</ejb-name>
            <home>junit.cookbook.coffee.model.ejb.OrderHome</home>
            <remote>junit.cookbook.coffee.model.ejb.OrderRemote</remote>
            <ejb-class>junit.cookbook.coffee.model.ejb.OrderBmpBean</ejb-class>
            <persistence-type>Bean</persistence-type>
            <prim-key-class>java.lang.Integer</prim-key-class>
            <reentrant>False</reentrant>
            
            <resource-ref>
                <res-ref-name>jdbc/OrderData</res-ref-name>
                <res-type>javax.sql.DataSource</res-type>
                <res-auth>Container</res-auth>
            </resource-ref>
        </entity>
        
        <message-driven>
            <display-name>Submit Order Command</display-name>
            <ejb-name>SubmitOrderCommand</ejb-name>
            <ejb-class>junit.cookbook.coffee.model.ejb.ProcessOrderSubmissionLegacyBean</ejb-class>
            <transaction-type>Container</transaction-type>
            <acknowledge-mode>AUTO_ACKNOWLEDGE</acknowledge-mode>
            <message-driven-destination>
                <destination-type>javax.jms.Queue</destination-type>
            </message-driven-destination>
            <resource-ref>
                <res-ref-name>jms/OrderQueue</res-ref-name>
                <res-type>javax.jms.QueueConnectionFactory</res-type>
                <res-auth>Container</res-auth>
            </resource-ref>
        </message-driven>
    </enterprise-beans>

    <assembly-descriptor>
        <container-transaction>
            <method>
                <ejb-name>Order</ejb-name>
                <method-intf>Home</method-intf>
                <method-name>*</method-name>
            </method>
            <method>
                <ejb-name>Order</ejb-name>
                <method-intf>Remote</method-intf>
                <method-name>*</method-name>
            </method>
            <trans-attribute>Required</trans-attribute>
        </container-transaction>
    </assembly-descriptor>
</ejb-jar>

